gameId,날짜,구장,홈팀,홈점수,원정팀,원정점수,승리팀,예측승리팀,예측확률
20250308HTLT02025,2025-03-08,사직,롯데,4,KIA,3,롯데,KIA,0.6126125676484644
20250308LGKT02025,2025-03-08,수원,KT,5,LG,1,KT,LG,0.5606575648119863
20250308OBHH02025,2025-03-08,청주,한화,4,두산,6,두산,한화,0.5424432255512583
20250308SKSS02025,2025-03-08,대구,삼성,3,SSG,9,SSG,삼성,0.5690814513047762
20250308WONC02025,2025-03-08,창원,NC,1,키움,3,키움,NC,0.5306700101130123
20250309LGKT02025,2025-03-09,수원,KT,9,LG,4,KT,KT,0.5257955952495339
20250309OBHH02025,2025-03-09,청주,한화,2,두산,4,두산,두산,0.5268820001169785
20250309SKSS02025,2025-03-09,대구,삼성,7,SSG,0,삼성,삼성,0.5174010466130131
20250309WONC02025,2025-03-09,창원,NC,7,키움,2,NC,NC,0.5306700101130123
20250310HHSK02025,2025-03-10,문학,SSG,1,한화,3,한화,SSG,0.5010591582599467
20250310HTNC02025,2025-03-10,창원,NC,6,KIA,3,NC,KIA,0.6518579177659853
20250310LGLT02025,2025-03-10,사직,롯데,2,LG,8,LG,LG,0.6084259178866624
20250310OBSS02025,2025-03-10,대구,삼성,5,두산,8,두산,삼성,0.584436937549394
20250310WOKT02025,2025-03-10,수원,KT,7,키움,4,KT,KT,0.6093846703704427
20250311HHSK02025,2025-03-11,문학,SSG,0,한화,8,한화,SSG,0.5964958415824798
20250311HTNC02025,2025-03-11,창원,NC,10,KIA,17,KIA,KIA,0.6627114363318147
20250311LGLT02025,2025-03-11,사직,롯데,3,LG,2,롯데,LG,0.6378117704941642
20250311OBSS02025,2025-03-11,대구,삼성,11,두산,8,삼성,삼성,0.5418665303984744
20250311OBSS02025,2025-03-11,대구,삼성,11,두산,8,삼성,삼성,0.5288210651475367
20250311WOKT02025,2025-03-11,수원,KT,5,키움,9,키움,KT,0.6723497929179129
20250313HTOB02025,2025-03-13,잠실,두산,1,KIA,4,KIA,KIA,0.5867568630592783
20250313LGSS02025,2025-03-13,대구,삼성,5,LG,10,LG,삼성,0.5483362487540733
20250313KTNC02025,2025-03-13,창원,NC,5,KT,10,KT,KT,0.5286621776966873
20250313WOSK02025,2025-03-13,문학,SSG,6,키움,7,키움,SSG,0.5559951232606791
20250314HHLT02025,2025-03-14,사직,롯데,0,한화,2,한화,한화,0.5261814670943559
20250314KTNC02025,2025-03-14,창원,NC,0,KT,1,KT,KT,0.7257670218698888
20250314LGSS02025,2025-03-14,대구,삼성,5,LG,3,삼성,삼성,0.5890638191333283
20250314WOSK02025,2025-03-14,문학,SSG,5,키움,3,SSG,SSG,0.5015739862704484
20250315LGSK02025,2025-03-15,문학,SSG,4,LG,9,LG,LG,0.5064728907279581
20250315OBWO02025,2025-03-15,고척,키움,3,두산,2,키움,키움,0.5605409995811982
20250315SSHT02025,2025-03-15,광주,KIA,5,삼성,1,KIA,KIA,0.7251355314524701
20250316HHNC02025,2025-03-16,창원,NC,3,한화,5,한화,한화,0.5033697991823443
20250316LGSK02025,2025-03-16,문학,SSG,8,LG,1,SSG,SSG,0.5598805725337591
20250316SSHT02025,2025-03-16,광주,KIA,11,삼성,5,KIA,KIA,0.5697826634721792
20250317LTWO02025,2025-03-17,고척,키움,4,롯데,3,키움,롯데,0.5755052047073864
20250317NCLG02025,2025-03-17,잠실,LG,3,NC,0,LG,LG,0.6090536216139403
20250317OBKT02025,2025-03-17,수원,KT,9,두산,6,KT,KT,0.5447322811293626
20250317SSHH02025,2025-03-17,대전,한화,3,삼성,1,한화,한화,0.5820368973357034
20250318LTWO02025,2025-03-18,고척,키움,3,롯데,2,키움,키움,0.6268106809150836
20250322HHKT02025,2025-03-22,수원,KT,3,한화,4,한화,KT,0.5660515760812188
20250322LTLG02025,2025-03-22,잠실,LG,12,롯데,2,LG,LG,0.5377473274055641
20250322NCHT02025,2025-03-22,광주,KIA,9,NC,2,KIA,KIA,0.6569297862527501
20250322OBSK02025,2025-03-22,문학,SSG,6,두산,5,SSG,SSG,0.5225607134947214
20250322WOSS02025,2025-03-22,대구,삼성,13,키움,5,삼성,삼성,0.6377886968896331
20250323HHKT02025,2025-03-23,수원,KT,5,한화,4,KT,KT,0.5560797586729728
20250323LTLG02025,2025-03-23,잠실,LG,10,롯데,2,LG,LG,0.5653443326398688
20250323NCHT02025,2025-03-23,광주,KIA,4,NC,5,NC,KIA,0.6479949770458997
20250323OBSK02025,2025-03-23,문학,SSG,5,두산,2,SSG,두산,0.5042958310843494
20250323WOSS02025,2025-03-23,대구,삼성,11,키움,7,삼성,삼성,0.5804158010572595
20250325HHLG02025,2025-03-25,잠실,LG,5,한화,0,LG,LG,0.5755992435517198
20250325LTSK02025,2025-03-25,문학,SSG,2,롯데,3,롯데,SSG,0.5175944869134944
20250325NCSS02025,2025-03-25,대구,삼성,14,NC,5,삼성,삼성,0.7042426620080072
20250325OBKT02025,2025-03-25,수원,KT,8,두산,3,KT,KT,0.5704174397675813
20250325WOHT02025,2025-03-25,광주,KIA,11,키움,6,KIA,KIA,0.7122054604659689
20250326HHLG02025,2025-03-26,잠실,LG,4,한화,0,LG,LG,0.5466440098253278
20250326LTSK02025,2025-03-26,문학,SSG,3,롯데,1,SSG,SSG,0.558977850617108
20250326NCSS02025,2025-03-26,대구,삼성,6,NC,8,NC,삼성,0.6197775126536629
20250326NCSS02025,2025-03-26,대구,삼성,6,NC,8,NC,삼성,0.6092528021581852
20250326OBKT02025,2025-03-26,수원,KT,2,두산,3,두산,KT,0.5867907977897502
20250326WOHT02025,2025-03-26,광주,KIA,10,키움,17,키움,KIA,0.6323199841844883
20250327HHLG02025,2025-03-27,잠실,LG,2,한화,1,LG,LG,0.6098326641753857
20250327LTSK02025,2025-03-27,문학,SSG,5,롯데,2,SSG,SSG,0.6230690218501901
20250327NCSS02025,2025-03-27,대구,삼성,5,NC,11,NC,삼성,0.6494488840814958
20250327OBKT02025,2025-03-27,수원,KT,4,두산,3,KT,KT,0.6409364673069374
20250327WOHT02025,2025-03-27,광주,KIA,3,키움,5,키움,KIA,0.5932212601383448
20250328HTHH02025,2025-03-28,대전,한화,7,KIA,2,한화,KIA,0.6108226383184818
20250328KTLT02025,2025-03-28,사직,롯데,0,KT,2,KT,KT,0.535256762140001
20250328LGNC02025,2025-03-28,창원,NC,4,LG,8,LG,LG,0.5720624673269243
20250328SKWO02025,2025-03-28,고척,키움,9,SSG,3,키움,SSG,0.5559136348300477
20250328SSOB02025,2025-03-28,잠실,두산,2,삼성,0,두산,삼성,0.518071261012381
20250329HTHH02025,2025-03-29,대전,한화,5,KIA,4,한화,KIA,0.5905400897465566
20250329SKWO02025,2025-03-29,고척,키움,3,SSG,1,키움,SSG,0.5337068784627735
20250329KTLT02025,2025-03-29,사직,롯데,3,KT,1,롯데,KT,0.5774949049483662
20250329LGNC02025,2025-03-29,창원,NC,4,LG,14,LG,LG,0.5424452014860834
20250329SSOB02025,2025-03-29,잠실,두산,2,삼성,13,삼성,두산,0.5248503815164866
20250330HTHH02025,2025-03-30,대전,한화,3,KIA,5,KIA,KIA,0.6251779492724241
20250330SKWO02025,2025-03-30,고척,키움,2,SSG,8,SSG,SSG,0.5851805121709859
20250330SSOB02025,2025-03-30,잠실,두산,2,삼성,3,삼성,삼성,0.5506769680898629
20250402LGKT02025,2025-04-02,수원,KT,9,LG,5,KT,LG,0.516536483615209
20250402LTHH02025,2025-04-02,대전,한화,2,롯데,6,롯데,한화,0.5249338024847938
20250402SSHT02025,2025-04-02,광주,KIA,2,삼성,4,삼성,KIA,0.5388900200045714
20250402WOOB02025,2025-04-02,잠실,두산,5,키움,3,두산,두산,0.515805721813454
20250403LGKT02025,2025-04-03,수원,KT,1,LG,5,LG,KT,0.5381637541644245
20250403LTHH02025,2025-04-03,대전,한화,2,롯데,4,롯데,한화,0.6506495332809537
20250403SSHT02025,2025-04-03,광주,KIA,3,삼성,1,KIA,KIA,0.5928303902963445
20250403WOOB02025,2025-04-03,잠실,두산,6,키움,1,두산,두산,0.5664536178956978
20250404HHSS02025,2025-04-04,대구,삼성,5,한화,0,삼성,삼성,0.5815026013639238
20250404HTLG02025,2025-04-04,잠실,LG,8,KIA,2,LG,KIA,0.5509445812189586
20250404KTSK02025,2025-04-04,문학,SSG,3,KT,2,SSG,KT,0.5487701194644898
20250404NCWO02025,2025-04-04,고척,키움,5,NC,1,키움,키움,0.5097798111231948
20250404OBLT02025,2025-04-04,사직,롯데,3,두산,15,두산,두산,0.5012372084696401
20250405HHSS02025,2025-04-05,대구,삼성,6,한화,7,한화,삼성,0.5515033272456762
20250405HHSS02025,2025-04-05,대구,삼성,6,한화,7,한화,삼성,0.5504534817100378
20250405NCWO02025,2025-04-05,고척,키움,5,NC,7,NC,NC,0.5487487405618601
20250405OBLT02025,2025-04-05,사직,롯데,6,두산,1,롯데,롯데,0.5294045362029165
20250406HHSS02025,2025-04-06,대구,삼성,10,한화,0,삼성,삼성,0.5730618166270147
20250406HTLG02025,2025-04-06,잠실,LG,5,KIA,1,LG,KIA,0.5584992303043297
20250406KTSK02025,2025-04-06,문학,SSG,1,KT,0,SSG,KT,0.5448652163995715
20250406NCWO02025,2025-04-06,고척,키움,2,NC,8,NC,키움,0.5397928101322087
20250406OBLT02025,2025-04-06,사직,롯데,12,두산,15,두산,롯데,0.5976869759467668
20250408HHOB02025,2025-04-08,잠실,두산,6,한화,5,두산,두산,0.5393527604143817
20250408HTLT02025,2025-04-08,사직,롯데,4,KIA,5,KIA,KIA,0.5850502593534983
20250408LGWO02025,2025-04-08,고척,키움,1,LG,13,LG,LG,0.5624886989046143
20250408NCKT02025,2025-04-08,수원,KT,3,NC,2,KT,KT,0.7442162410932031
20250408SKSS02025,2025-04-08,대구,삼성,7,SSG,3,삼성,삼성,0.6342986474885198
20250409HHOB02025,2025-04-09,잠실,두산,4,한화,5,한화,두산,0.5366793372551025
20250409HTLT02025,2025-04-09,사직,롯데,1,KIA,3,KIA,KIA,0.6954999473118975
20250409LGWO02025,2025-04-09,고척,키움,4,LG,0,키움,LG,0.6004490769871548
20250409NCKT02025,2025-04-09,수원,KT,4,NC,1,KT,KT,0.6112286279572936
20250409SKSS02025,2025-04-09,대구,삼성,1,SSG,3,SSG,삼성,0.577569333560265
20250410HHOB02025,2025-04-10,잠실,두산,2,한화,7,한화,두산,0.5201806053937345
20250410HTLT02025,2025-04-10,사직,롯데,8,KIA,3,롯데,KIA,0.5474482404415436
20250410LGWO02025,2025-04-10,고척,키움,3,LG,7,LG,LG,0.5629256326287357
20250410NCKT02025,2025-04-10,수원,KT,0,NC,7,NC,KT,0.6003845999491769
20250410SKSS02025,2025-04-10,대구,삼성,3,SSG,2,삼성,삼성,0.5901629375600158
20250411LTNC02025,2025-04-11,사직,NC,5,롯데,7,롯데,NC,0.5269918402483541
20250411OBLG02025,2025-04-11,잠실,LG,5,두산,2,LG,LG,0.6015357741279725
20250411SKHT02025,2025-04-11,광주,KIA,3,SSG,9,SSG,KIA,0.6640184473084644
20250411SSKT02025,2025-04-11,수원,KT,5,삼성,3,KT,KT,0.5667061559568027
20250411SSKT02025,2025-04-11,수원,KT,5,삼성,3,KT,KT,0.5769224818877124
20250411WOHH02025,2025-04-11,대전,한화,12,키움,2,한화,한화,0.6356143774540861
20250412OBLG02025,2025-04-12,잠실,LG,4,두산,0,LG,LG,0.6375521501157569
20250412LTNC02025,2025-04-12,사직,NC,0,롯데,2,롯데,롯데,0.5316008942199973
20250412WOHH02025,2025-04-12,대전,한화,2,키움,6,키움,한화,0.5558423824167841
20250413LTNC02025,2025-04-13,사직,NC,9,롯데,6,NC,롯데,0.5123956264756253
20250413OBLG02025,2025-04-13,잠실,LG,2,두산,9,두산,LG,0.581602836710383
20250413SKHT02025,2025-04-13,광주,KIA,11,SSG,5,KIA,KIA,0.6234264442118427
20250413SSKT02025,2025-04-13,수원,KT,6,삼성,5,KT,KT,0.5029396344039033
20250413WOHH02025,2025-04-13,대전,한화,7,키움,1,한화,한화,0.629029068532437
20250415HHSK02025,2025-04-15,문학,SSG,0,한화,2,한화,SSG,0.5617249477718819
20250415KTHT02025,2025-04-15,광주,KIA,1,KT,0,KIA,KIA,0.6257551231257171
20250415SSLG02025,2025-04-15,잠실,LG,3,삼성,0,LG,LG,0.5260544830754136
20250415WOLT02025,2025-04-15,사직,롯데,8,키움,6,롯데,키움,0.5779054295288805
20250416HHSK02025,2025-04-16,문학,SSG,4,한화,10,한화,SSG,0.5146052361870376
20250416KTHT02025,2025-04-16,광주,KIA,0,KT,3,KT,KIA,0.5097106592850518
20250416SSLG02025,2025-04-16,잠실,LG,12,삼성,2,LG,삼성,0.5051393529213495
20250416WOLT02025,2025-04-16,사직,롯데,6,키움,4,롯데,롯데,0.5888516098550322
20250417HHSK02025,2025-04-17,문학,SSG,2,한화,4,한화,SSG,0.5353430105560396
20250417KTHT02025,2025-04-17,광주,KIA,5,KT,4,KIA,KIA,0.5449734258585378
20250417SSLG02025,2025-04-17,잠실,LG,3,삼성,6,삼성,LG,0.5397031281136967
20250417WOLT02025,2025-04-17,사직,롯데,7,키움,1,롯데,롯데,0.6093789236664057
20250418HTOB02025,2025-04-18,잠실,두산,7,KIA,1,두산,KIA,0.5450282121460412
20250418KTWO02025,2025-04-18,고척,키움,4,KT,3,키움,KT,0.6471412344427296
20250418LGSK02025,2025-04-18,문학,SSG,1,LG,5,LG,LG,0.5820039825354435
20250418LTSS02025,2025-04-18,대구,삼성,1,롯데,8,롯데,삼성,0.561113877283701
20250418LTSS02025,2025-04-18,대구,삼성,1,롯데,8,롯데,삼성,0.5544826499507088
20250418NCHH02025,2025-04-18,대전,한화,12,NC,4,한화,한화,0.5629724952167355
20250419HTOB02025,2025-04-19,잠실,두산,4,KIA,8,KIA,KIA,0.6355015336787037
20250419LGSK02025,2025-04-19,문학,SSG,4,LG,11,LG,LG,0.5345914593409105
20250419KTWO02025,2025-04-19,고척,키움,1,KT,11,KT,KT,0.6179393165628864
20250419LTSS02025,2025-04-19,대구,삼성,10,롯데,3,삼성,롯데,0.5542758592222263
20250419NCHH02025,2025-04-19,대전,한화,7,NC,2,한화,NC,0.504714426271204
20250420HTOB02025,2025-04-20,잠실,두산,2,KIA,6,KIA,KIA,0.5760622123352641
20250420KTWO02025,2025-04-20,고척,키움,0,KT,5,KT,KT,0.5211436623478238
20250420LGSK02025,2025-04-20,문학,SSG,9,LG,3,SSG,SSG,0.7408928146743982
20250420LTSS02025,2025-04-20,대구,삼성,3,롯데,4,롯데,삼성,0.734185661505259
20250420NCHH02025,2025-04-20,대전,한화,7,NC,1,한화,한화,0.63616386879609
20250422NCLG02025,2025-04-22,잠실,LG,5,NC,6,NC,LG,0.6086219892760317
20250422OBWO02025,2025-04-22,고척,키움,5,두산,4,키움,키움,0.5144896473164146
20250422SKKT02025,2025-04-22,수원,KT,9,SSG,3,KT,KT,0.5653377547154983
20250423HHLT02025,2025-04-23,사직,롯데,4,한화,6,한화,롯데,0.5092009869340264
20250423HTSS02025,2025-04-23,대구,삼성,7,KIA,2,삼성,삼성,0.524127440707898
20250423NCLG02025,2025-04-23,잠실,LG,3,NC,0,LG,LG,0.5994529615771549
20250423OBWO02025,2025-04-23,고척,키움,2,두산,8,두산,두산,0.5201846059160404
20250423SKKT02025,2025-04-23,수원,KT,5,SSG,11,SSG,KT,0.5509434644664994
20250424HHLT02025,2025-04-24,사직,롯데,5,한화,3,롯데,한화,0.5063691816522726
20250424HTSS02025,2025-04-24,대구,삼성,17,KIA,5,삼성,삼성,0.5125934204998696
20250424NCLG02025,2025-04-24,잠실,LG,1,NC,3,NC,LG,0.5994529615771549
20250424OBWO02025,2025-04-24,고척,키움,3,두산,9,두산,두산,0.6240810720761037
20250424SKKT02025,2025-04-24,수원,KT,5,SSG,6,SSG,SSG,0.6148355571958816
20250425KTHH02025,2025-04-25,대전,한화,1,KT,2,KT,KT,0.5523719087206448
20250425LGHT02025,2025-04-25,광주,KIA,5,LG,6,LG,KIA,0.5776816173050584
20250425LTOB02025,2025-04-25,잠실,두산,2,롯데,8,롯데,롯데,0.5253680860481038
20250425NCSS02025,2025-04-25,대구,삼성,10,NC,6,삼성,삼성,0.6494488840814958
20250425WOSK02025,2025-04-25,문학,SSG,4,키움,3,SSG,SSG,0.5991547646637018
20250426LGHT02025,2025-04-26,광주,KIA,8,LG,4,KIA,KIA,0.6174092813785289
20250426LTOB02025,2025-04-26,잠실,두산,4,롯데,7,롯데,두산,0.6841701096419381
20250426KTHH02025,2025-04-26,대전,한화,2,KT,1,한화,KT,0.5401225410026456
20250426NCSS02025,2025-04-26,대구,삼성,9,NC,1,삼성,삼성,0.7208305609058038
20250426WOSK02025,2025-04-26,문학,SSG,1,키움,2,키움,SSG,0.5862240973640471
20250427KTHH02025,2025-04-27,대전,한화,4,KT,3,한화,KT,0.5514586707297382
20250427LGHT02025,2025-04-27,광주,KIA,3,LG,2,KIA,KIA,0.5879511852316319
20250427LTOB02025,2025-04-27,잠실,두산,13,롯데,4,두산,두산,0.52002153592012
20250427NCSS02025,2025-04-27,대구,삼성,8,NC,4,삼성,삼성,0.6527605563827049
20250427WOSK02025,2025-04-27,문학,SSG,3,키움,7,키움,SSG,0.5772863813768995
20250429KTOB02025,2025-04-29,잠실,두산,2,KT,3,KT,KT,0.5452554398756277
20250429LGHH02025,2025-04-29,대전,한화,3,LG,2,한화,LG,0.5489841035399817
20250429LTWO02025,2025-04-29,고척,키움,3,롯데,9,롯데,롯데,0.6067591146742887
20250429NCHT02025,2025-04-29,광주,KIA,13,NC,3,KIA,KIA,0.5996469585654184
20250429SSSK02025,2025-04-29,문학,SSG,1,삼성,3,삼성,삼성,0.5122808208925131
20250430KTOB02025,2025-04-30,잠실,두산,3,KT,8,KT,KT,0.5351716688269996
20250430LGHH02025,2025-04-30,대전,한화,5,LG,2,한화,LG,0.5552079659093918
20250430LTWO02025,2025-04-30,고척,키움,9,롯데,10,롯데,롯데,0.5813506359292387
20250430NCHT02025,2025-04-30,광주,KIA,0,NC,7,NC,KIA,0.6287715527605315
20250501LTWO02025,2025-05-01,고척,키움,0,롯데,5,롯데,롯데,0.6263699226371193
20250501SSSK02025,2025-05-01,문학,SSG,4,삼성,1,SSG,삼성,0.5066497710626493
20250501SSSK02025,2025-05-01,문학,SSG,4,삼성,1,SSG,SSG,0.5063506794040971
20250502HHHT02025,2025-05-02,광주,KIA,2,한화,3,한화,KIA,0.6071963452079623
20250502NCLT02025,2025-05-02,사직,롯데,4,NC,3,롯데,롯데,0.5057518010338424
20250502OBSS02025,2025-05-02,대구,삼성,6,두산,2,삼성,삼성,0.584436937549394
20250502SKLG02025,2025-05-02,잠실,LG,1,SSG,2,SSG,LG,0.5232773696972608
20250502WOKT02025,2025-05-02,수원,KT,3,키움,5,키움,KT,0.530814100382243
20250503NCLT02025,2025-05-03,사직,롯데,4,NC,13,NC,롯데,0.5540870234283028
20250503OBSS02025,2025-05-03,대구,삼성,1,두산,6,두산,삼성,0.6343447097719007
20250503SKLG02025,2025-05-03,잠실,LG,4,SSG,1,LG,LG,0.5509490042878576
20250503WOKT02025,2025-05-03,수원,KT,9,키움,0,KT,KT,0.6150282569199911
20250504HHHT02025,2025-05-04,광주,KIA,1,한화,3,한화,KIA,0.6221680556303026
20250504NCLT02025,2025-05-04,사직,롯데,6,NC,9,NC,롯데,0.5661857056364703
20250504OBSS02025,2025-05-04,대구,삼성,6,두산,11,두산,삼성,0.5890005244438316
20250504SKLG02025,2025-05-04,잠실,LG,12,SSG,4,LG,LG,0.6172086774300306
20250504WOKT02025,2025-05-04,수원,KT,5,키움,4,KT,KT,0.6670928697890247
20250505HTWO02025,2025-05-05,고척,키움,1,KIA,13,KIA,KIA,0.6760627870027041
20250505LGOB02025,2025-05-05,잠실,두산,5,LG,2,두산,LG,0.5316364169834378
20250505NCKT02025,2025-05-05,수원,KT,2,NC,6,NC,KT,0.5259250408085693
20250505SKLT02025,2025-05-05,사직,롯데,1,SSG,7,SSG,SSG,0.5938792720434621
20250505SSHH02025,2025-05-05,대전,한화,3,삼성,1,한화,삼성,0.5278172545793361
20250506HTWO02025,2025-05-06,고척,키움,3,KIA,5,KIA,KIA,0.6652898755495842
20250506LGOB02025,2025-05-06,잠실,두산,1,LG,5,LG,LG,0.5807944187772411
20250506NCKT02025,2025-05-06,수원,KT,3,NC,6,NC,KT,0.6112286279572936
20250506SKLT02025,2025-05-06,사직,롯데,6,SSG,0,롯데,SSG,0.5008952657253949
20250506SSHH02025,2025-05-06,대전,한화,3,삼성,1,한화,삼성,0.5087570815822677
20250507HTWO02025,2025-05-07,고척,키움,11,KIA,10,키움,KIA,0.6068403294249283
20250507LGOB02025,2025-05-07,잠실,두산,5,LG,2,두산,LG,0.5515410845549894
20250507NCKT02025,2025-05-07,수원,KT,2,NC,12,NC,KT,0.7590275146455048
20250507SKLT02025,2025-05-07,사직,롯데,6,SSG,2,롯데,롯데,0.546937430595499
20250507SSHH02025,2025-05-07,대전,한화,10,삼성,6,한화,삼성,0.5291995763920982
20250507SSHH02025,2025-05-07,대전,한화,10,삼성,6,한화,삼성,0.5233562237204674
20250509HHWO02025,2025-05-09,고척,키움,5,한화,7,한화,한화,0.5404321884755072
20250510HHWO02025,2025-05-10,고척,키움,1,한화,9,한화,한화,0.5823923790689824
20250510LGSS12025,2025-05-10,대구,삼성,4,LG,5,LG,삼성,0.5799108604978269
20250510HTSK02025,2025-05-10,문학,SSG,4,KIA,5,KIA,KIA,0.5749876500900675
20250510LTKT02025,2025-05-10,수원,KT,5,롯데,8,롯데,KT,0.653612765715225
20250510LGSS22025,2025-05-10,대구,삼성,1,LG,4,LG,삼성,0.5446787407071868
20250511HHWO02025,2025-05-11,고척,키움,0,한화,8,한화,한화,0.5952729448965457
20250511HTSK12025,2025-05-11,문학,SSG,8,KIA,4,SSG,KIA,0.5818778240004883
20250511LGSS02025,2025-05-11,대구,삼성,4,LG,7,LG,삼성,0.5483362487540733
20250511LTKT12025,2025-05-11,수원,KT,1,롯데,6,롯데,KT,0.5906667379960823
20250511NCOB12025,2025-05-11,잠실,두산,5,NC,11,NC,두산,0.5830199318350451
20250511NCOB22025,2025-05-11,잠실,두산,2,NC,5,NC,두산,0.6248140816830647
20250511HTSK22025,2025-05-11,문학,SSG,5,KIA,1,SSG,KIA,0.5880496697975888
20250513KTSS02025,2025-05-13,포항,삼성,5,KT,3,삼성,KT,0.5024607174545342
20250513KTSS02025,2025-05-13,포항,삼성,5,KT,3,삼성,KT,0.5083073126815945
20250513LTHT02025,2025-05-13,광주,KIA,4,롯데,1,KIA,KIA,0.5562689047636871
20250513NCSK02025,2025-05-13,문학,SSG,6,NC,3,SSG,SSG,0.574344936419155
20250513OBHH02025,2025-05-13,대전,한화,3,두산,4,두산,한화,0.5599574065311488
20250513WOLG02025,2025-05-13,잠실,LG,9,키움,6,LG,LG,0.6910287674906963
20250514KTSS02025,2025-05-14,포항,삼성,2,KT,3,KT,삼성,0.5250311316034758
20250514LTHT02025,2025-05-14,광주,KIA,0,롯데,4,롯데,KIA,0.6477377752956756
20250514NCSK02025,2025-05-14,문학,SSG,3,NC,6,NC,SSG,0.7374393184397786
20250514OBHH02025,2025-05-14,대전,한화,1,두산,7,두산,두산,0.5647906015043636
20250514WOLG02025,2025-05-14,잠실,LG,12,키움,0,LG,LG,0.5869527162239451
20250515KTSS02025,2025-05-15,포항,삼성,13,KT,0,삼성,삼성,0.6039857959402052
20250515LTHT02025,2025-05-15,광주,KIA,7,롯데,6,KIA,KIA,0.7277757204914085
20250515NCSK02025,2025-05-15,문학,SSG,4,NC,0,SSG,SSG,0.6105851253604382
20250515OBHH02025,2025-05-15,대전,한화,2,두산,8,두산,한화,0.5510567388537939
20250515WOLG02025,2025-05-15,잠실,LG,6,키움,2,LG,LG,0.6040693999057012
20250517KTLG12025,2025-05-17,잠실,LG,4,KT,12,KT,KT,0.5076665094352396
20250517OBHT12025,2025-05-17,광주,KIA,5,두산,2,KIA,KIA,0.5977311028754563
20250517SKHH12025,2025-05-17,대전,한화,1,SSG,0,한화,한화,0.5073325109465066
20250517SSLT12025,2025-05-17,사직,롯데,7,삼성,5,롯데,삼성,0.5471310711907424
20250517WONC12025,2025-05-17,울산,NC,3,키움,2,NC,NC,0.6133622438388439
20250517SKHH22025,2025-05-17,대전,한화,2,SSG,5,SSG,SSG,0.5060439205236813
20250517WONC22025,2025-05-17,울산,NC,2,키움,3,키움,NC,0.5873262186060357
20250517OBHT22025,2025-05-17,광주,KIA,4,두산,1,KIA,KIA,0.5947666818973736
20250517SSLT22025,2025-05-17,사직,롯데,8,삼성,7,롯데,삼성,0.5944949019686264
20250517KTLG22025,2025-05-17,잠실,LG,6,KT,7,KT,KT,0.5008991646080889
20250518KTLG02025,2025-05-18,잠실,LG,5,KT,1,LG,LG,0.5000216420081611
20250518OBHT02025,2025-05-18,광주,KIA,5,두산,4,KIA,KIA,0.6221314417566772
20250518SKHH02025,2025-05-18,대전,한화,3,SSG,7,SSG,한화,0.5225352954842301
20250518SSLT02025,2025-05-18,사직,롯데,6,삼성,3,롯데,롯데,0.5134577686213043
20250518SSLT02025,2025-05-18,사직,롯데,6,삼성,3,롯데,롯데,0.5354431131982343
20250518WONC02025,2025-05-18,울산,NC,5,키움,0,NC,NC,0.6534737038977777
20250520HHNC02025,2025-05-20,울산,NC,1,한화,4,한화,한화,0.6319428273409717
20250520HTKT02025,2025-05-20,수원,KT,5,KIA,3,KT,KIA,0.5786443736073483
20250520LGLT02025,2025-05-20,사직,롯데,9,LG,17,LG,LG,0.8387091599131372
20250520SKOB02025,2025-05-20,잠실,두산,3,SSG,5,SSG,두산,0.5113108837828322
20250520SSWO02025,2025-05-20,고척,키움,3,삼성,6,삼성,삼성,0.5321521569478465
20250521HHNC02025,2025-05-21,울산,NC,5,한화,2,NC,NC,0.5499112316735408
20250521HTKT02025,2025-05-21,수원,KT,3,KIA,1,KT,KIA,0.6212869162694161
20250521SKOB02025,2025-05-21,잠실,두산,1,SSG,9,SSG,SSG,0.5011771687987552
20250521SSWO02025,2025-05-21,고척,키움,1,삼성,6,삼성,삼성,0.5847625030607693
20250522HHNC02025,2025-05-22,울산,NC,4,한화,3,NC,한화,0.5012469190410994
20250522HTKT02025,2025-05-22,수원,KT,3,KIA,8,KIA,KIA,0.5346950970126849
20250522LGLT02025,2025-05-22,사직,롯데,11,LG,4,롯데,LG,0.6319443145476931
20250522SKOB02025,2025-05-22,잠실,두산,6,SSG,5,두산,두산,0.5324346814509083
20250522SSWO02025,2025-05-22,고척,키움,0,삼성,2,삼성,삼성,0.633032364148046
20250523HTSS02025,2025-05-23,대구,삼성,6,KIA,7,KIA,KIA,0.5686959378471277
20250523KTWO02025,2025-05-23,고척,키움,5,KT,7,KT,KT,0.6335220404231707
20250523LGSK02025,2025-05-23,문학,SSG,2,LG,3,LG,SSG,0.5114710920956844
20250523LTHH02025,2025-05-23,대전,한화,4,롯데,2,한화,한화,0.5418527555152564
20250524KTWO02025,2025-05-24,고척,키움,4,KT,10,KT,KT,0.6620742994049952
20250524LTHH02025,2025-05-24,대전,한화,6,롯데,8,롯데,롯데,0.5034850934739143
20250524HTSS02025,2025-05-24,대구,삼성,8,KIA,4,삼성,KIA,0.501079750918562
20250524HTSS02025,2025-05-24,대구,삼성,8,KIA,4,삼성,KIA,0.5245244956021495
20250524LGSK02025,2025-05-24,문학,SSG,5,LG,4,SSG,LG,0.5173700441211633
20250524NCOB02025,2025-05-24,잠실,두산,1,NC,5,NC,두산,0.5230447810881567
20250525HTSS02025,2025-05-25,대구,삼성,3,KIA,2,삼성,KIA,0.5101989740150457
20250525KTWO02025,2025-05-25,고척,키움,0,KT,2,KT,KT,0.6179393165628864
20250525LGSK02025,2025-05-25,문학,SSG,3,LG,9,LG,LG,0.500584169574814
20250525LTHH02025,2025-05-25,대전,한화,8,롯데,7,한화,한화,0.5046955424140604
20250525NCOB02025,2025-05-25,잠실,두산,5,NC,3,두산,두산,0.6472504745814278
20250527HHLG02025,2025-05-27,잠실,LG,2,한화,1,LG,LG,0.6072028965947838
20250527LTSS02025,2025-05-27,대구,삼성,7,롯데,3,삼성,삼성,0.6112288098228672
20250527OBKT02025,2025-05-27,수원,KT,2,두산,1,KT,KT,0.5693403043923796
20250527WOHT02025,2025-05-27,광주,KIA,7,키움,5,KIA,KIA,0.6657711358948285
20250528HHLG02025,2025-05-28,잠실,LG,5,한화,6,한화,LG,0.5559153968061331
20250528NCSK02025,2025-05-28,문학,SSG,13,NC,5,SSG,SSG,0.7538595943908883
20250528OBKT02025,2025-05-28,수원,KT,3,두산,12,두산,KT,0.5447322811293626
20250528WOHT02025,2025-05-28,광주,KIA,13,키움,7,KIA,KIA,0.7187218086254517
20250529HHLG02025,2025-05-29,잠실,LG,3,한화,1,LG,LG,0.5381803197885868
20250529LTSS02025,2025-05-29,대구,삼성,9,롯데,3,삼성,삼성,0.6319935759348885
20250529NCSK02025,2025-05-29,문학,SSG,6,NC,5,SSG,SSG,0.58258295217628
20250529OBKT02025,2025-05-29,수원,KT,12,두산,2,KT,KT,0.5332487043154269
20250530HHNC02025,2025-05-30,창원,NC,1,한화,7,한화,한화,0.5069679225987427
20250530HTKT02025,2025-05-30,수원,KT,3,KIA,1,KT,KIA,0.506768001389257
20250530OBWO02025,2025-05-30,고척,키움,4,두산,9,두산,두산,0.5504277222959912
20250530SKLT02025,2025-05-30,사직,롯데,6,SSG,5,롯데,SSG,0.5009024809418711
20250530SSLG02025,2025-05-30,잠실,LG,3,삼성,4,삼성,LG,0.5664529387711129
20250530SSLG02025,2025-05-30,잠실,LG,3,삼성,4,삼성,LG,0.5797070512792657
20250531HHNC02025,2025-05-31,창원,NC,6,한화,9,한화,한화,0.5190057087377444
20250531HTKT02025,2025-05-31,수원,KT,5,KIA,1,KT,KIA,0.5332823512969529
20250531OBWO02025,2025-05-31,고척,키움,1,두산,0,키움,두산,0.5467191646889991
20250531SKLT02025,2025-05-31,사직,롯데,1,SSG,4,SSG,SSG,0.6237420870352177
20250531SSLG02025,2025-05-31,잠실,LG,2,삼성,4,삼성,LG,0.5397031281136967
20250601OBWO02025,2025-06-01,고척,키움,1,두산,0,키움,두산,0.5148481651821193
20250601HHNC02025,2025-06-01,창원,NC,16,한화,5,NC,한화,0.6003883489288404
20250601HTKT02025,2025-06-01,수원,KT,3,KIA,5,KIA,KIA,0.5877503124600724
20250601SKLT02025,2025-06-01,사직,롯데,3,SSG,4,SSG,SSG,0.6174286221880645
20250601SSLG02025,2025-06-01,잠실,LG,4,삼성,6,삼성,LG,0.5424167786270426
20250603KTHH02025,2025-06-03,대전,한화,10,KT,1,한화,한화,0.535369210738096
20250603LGNC02025,2025-06-03,창원,NC,0,LG,15,LG,LG,0.5712569409531638
20250603HTOB02025,2025-06-03,잠실,두산,3,KIA,11,KIA,두산,0.5295820543795646
20250603SSSK02025,2025-06-03,문학,SSG,6,삼성,4,SSG,삼성,0.5349839967826088
20250603WOLT02025,2025-06-03,사직,롯데,8,키움,0,롯데,롯데,0.6811005876186359
20250604HTOB02025,2025-06-04,잠실,두산,3,KIA,8,KIA,KIA,0.5459492882824473
20250604KTHH02025,2025-06-04,대전,한화,4,KT,3,한화,한화,0.6179438089385669
20250604LGNC02025,2025-06-04,창원,NC,6,LG,5,NC,LG,0.5239611830905163
20250604SSSK02025,2025-06-04,문학,SSG,4,삼성,1,SSG,SSG,0.5543527267210655
20250604WOLT02025,2025-06-04,사직,롯데,6,키움,9,키움,롯데,0.6433591319288379
20250605HTOB02025,2025-06-05,잠실,두산,2,KIA,1,두산,두산,0.537597079216961
20250605KTHH02025,2025-06-05,대전,한화,0,KT,7,KT,한화,0.5025355338402651
20250605LGNC02025,2025-06-05,창원,NC,1,LG,3,LG,LG,0.5899452622858254
20250605SSSK02025,2025-06-05,문학,SSG,1,삼성,3,삼성,SSG,0.6401262644433278
20250605SSSK02025,2025-06-05,문학,SSG,1,삼성,3,삼성,SSG,0.6388074561914028
20250605WOLT02025,2025-06-05,사직,롯데,5,키움,10,키움,롯데,0.6216136121508355
20250606HHHT02025,2025-06-06,광주,KIA,3,한화,2,KIA,한화,0.5036338461672438
20250606LGWO02025,2025-06-06,고척,키움,2,LG,1,키움,LG,0.6788401112026062
20250606LTOB02025,2025-06-06,잠실,두산,5,롯데,2,두산,두산,0.5059427873523027
20250606NCSS02025,2025-06-06,대구,삼성,7,NC,3,삼성,삼성,0.6493780122640863
20250606SKKT02025,2025-06-06,수원,KT,10,SSG,3,KT,KT,0.5639630680689601
20250607HHHT02025,2025-06-07,광주,KIA,2,한화,3,한화,KIA,0.5166576966120154
20250607LGWO02025,2025-06-07,고척,키움,4,LG,1,키움,LG,0.6301414986942081
20250607LTOB02025,2025-06-07,잠실,두산,4,롯데,9,롯데,두산,0.5451288543823943
20250607NCSS02025,2025-06-07,대구,삼성,7,NC,11,NC,삼성,0.5729420442531192
20250607SKKT02025,2025-06-07,수원,KT,3,SSG,2,KT,SSG,0.5579879277555486
20250608LGWO02025,2025-06-08,고척,키움,2,LG,7,LG,LG,0.6535525915349736
20250608HHHT02025,2025-06-08,광주,KIA,7,한화,6,KIA,한화,0.6104978456636301
20250608LTOB02025,2025-06-08,잠실,두산,2,롯데,4,롯데,롯데,0.5590607711044213
20250608NCSS02025,2025-06-08,대구,삼성,1,NC,0,삼성,삼성,0.6584383605026862
20250608SKKT02025,2025-06-08,수원,KT,2,SSG,3,SSG,KT,0.5518513559786555
20250610LTKT02025,2025-06-10,수원,KT,12,롯데,3,KT,KT,0.540299646663734
20250610OBHH02025,2025-06-10,대전,한화,6,두산,2,한화,한화,0.6192949577430958
20250610SKLG02025,2025-06-10,잠실,LG,2,SSG,6,SSG,LG,0.5783579079843509
20250610SSHT02025,2025-06-10,광주,KIA,0,삼성,8,삼성,KIA,0.5595159467196608
20250611LTKT02025,2025-06-11,수원,KT,3,롯데,4,롯데,KT,0.5572100248168289
20250611NCWO02025,2025-06-11,고척,키움,1,NC,7,NC,NC,0.605464859338295
20250611OBHH02025,2025-06-11,대전,한화,9,두산,1,한화,한화,0.6049547297461879
20250611SKLG02025,2025-06-11,잠실,LG,6,SSG,4,LG,LG,0.548070070771144
20250611SSHT02025,2025-06-11,광주,KIA,6,삼성,3,KIA,삼성,0.5175305842375603
20250612LTKT02025,2025-06-12,수원,KT,7,롯데,12,롯데,KT,0.6864572134427669
20250612NCWO02025,2025-06-12,고척,키움,6,NC,8,NC,NC,0.580013120646586
20250612OBHH02025,2025-06-12,대전,한화,3,두산,2,한화,한화,0.5031345557377604
20250612SKLG02025,2025-06-12,잠실,LG,8,SSG,6,LG,LG,0.6045644628658619
20250612SSHT02025,2025-06-12,광주,KIA,1,삼성,2,삼성,KIA,0.5170131216039345
20250612SSHT02025,2025-06-12,광주,KIA,1,삼성,2,삼성,KIA,0.5315240997833104
20250613HTNC02025,2025-06-13,창원,NC,4,KIA,1,NC,NC,0.5297809411528309
20250614HTNC02025,2025-06-14,창원,NC,8,KIA,9,KIA,NC,0.5176888784437923
20250614KTSS02025,2025-06-14,대구,삼성,3,KT,10,KT,삼성,0.5155363500735717
20250614LTSK02025,2025-06-14,문학,SSG,2,롯데,4,롯데,롯데,0.5026398814690637
20250614WOOB02025,2025-06-14,잠실,두산,4,키움,1,두산,두산,0.5708629098865426
20250615HTNC02025,2025-06-15,창원,NC,2,KIA,4,KIA,NC,0.5356733583471401
20250615KTSS02025,2025-06-15,대구,삼성,4,KT,16,KT,삼성,0.5059925156008721
20250615LGHH02025,2025-06-15,대전,한화,10,LG,5,한화,한화,0.5046555043490434
20250615LTSK02025,2025-06-15,문학,SSG,1,롯데,0,SSG,SSG,0.6566187238096031
20250615WOOB02025,2025-06-15,잠실,두산,3,키움,2,두산,두산,0.6242680930937505
20250617HHLT02025,2025-06-17,사직,롯데,0,한화,6,한화,한화,0.6253886281958707
20250617KTHT02025,2025-06-17,광주,KIA,10,KT,3,KIA,KT,0.5665796837014102
20250617NCLG02025,2025-06-17,잠실,LG,2,NC,6,NC,LG,0.598046219806739
20250617OBSS02025,2025-06-17,대구,삼성,12,두산,1,삼성,삼성,0.5776506140104117
20250617SKWO02025,2025-06-17,고척,키움,1,SSG,11,SSG,SSG,0.672096724086382
20250618HHLT02025,2025-06-18,사직,롯데,6,한화,3,롯데,롯데,0.5698032027529891
20250618KTHT02025,2025-06-18,광주,KIA,5,KT,3,KIA,KT,0.5307630053810142
20250618NCLG02025,2025-06-18,잠실,LG,9,NC,8,LG,LG,0.6695347077069747
20250618OBSS02025,2025-06-18,대구,삼성,6,두산,3,삼성,삼성,0.5686751111160983
20250618OBSS02025,2025-06-18,대구,삼성,6,두산,3,삼성,삼성,0.5531498149819821
20250618SKWO02025,2025-06-18,고척,키움,3,SSG,2,키움,SSG,0.5696867204315987
20250619HHLT02025,2025-06-19,사직,롯데,4,한화,3,롯데,한화,0.5322606507700633
20250619KTHT02025,2025-06-19,광주,KIA,5,KT,0,KIA,KIA,0.6315210780509538
20250619NCLG02025,2025-06-19,잠실,LG,0,NC,3,NC,LG,0.5192362626236053
20250619OBSS02025,2025-06-19,대구,삼성,8,두산,9,두산,삼성,0.5358628787036623
20250619SKWO02025,2025-06-19,고척,키움,2,SSG,4,SSG,SSG,0.6587277971815804
20250620SSLT02025,2025-06-20,사직,롯데,3,삼성,1,롯데,롯데,0.5831042360133036
20250621NCKT02025,2025-06-21,수원,KT,7,NC,5,KT,KT,0.5817160553663739
20250621OBLG02025,2025-06-21,잠실,LG,5,두산,6,두산,LG,0.6652688952799511
20250622HTSK02025,2025-06-22,문학,SSG,4,KIA,5,KIA,SSG,0.6078760681159264
20250622NCKT02025,2025-06-22,수원,KT,0,NC,2,NC,KT,0.547022004063419
20250622OBLG02025,2025-06-22,잠실,LG,13,두산,5,LG,LG,0.5868572904816058
20250622SSLT02025,2025-06-22,사직,롯데,9,삼성,6,롯데,삼성,0.5521681143725737
20250622WOHH02025,2025-06-22,대전,한화,10,키움,4,한화,한화,0.6852324166806693
20250624HTWO02025,2025-06-24,고척,키움,9,KIA,6,키움,KIA,0.5254497796212596
20250624LGKT02025,2025-06-24,수원,KT,5,LG,0,KT,LG,0.5300270421315139
20250624SKOB02025,2025-06-24,잠실,두산,5,SSG,0,두산,SSG,0.6056385149072374
20250625HHSS02025,2025-06-25,대구,삼성,7,한화,2,삼성,한화,0.5419397146474476
20250625HTWO02025,2025-06-25,고척,키움,3,KIA,6,KIA,KIA,0.563883186686011
20250625LTNC02025,2025-06-25,창원,NC,7,롯데,2,NC,NC,0.5158764486897864
20250626HHSS02025,2025-06-26,대구,삼성,1,한화,3,한화,삼성,0.514569331643251
20250626LGKT02025,2025-06-26,수원,KT,3,LG,4,LG,LG,0.5193376956867144
20250626LTNC02025,2025-06-26,창원,NC,6,롯데,7,롯데,롯데,0.5432427585979955
20250626SKOB02025,2025-06-26,잠실,두산,1,SSG,4,SSG,SSG,0.5031070417630695
20250627HHSK02025,2025-06-27,문학,SSG,8,한화,6,SSG,SSG,0.5671690132390894
20250627HTLG02025,2025-06-27,잠실,LG,4,KIA,3,LG,LG,0.6385019752624467
20250627KTLT02025,2025-06-27,사직,롯데,8,KT,11,KT,KT,0.5275421049914363
20250627OBNC02025,2025-06-27,창원,NC,10,두산,9,NC,NC,0.5685939359435247
20250627SSWO02025,2025-06-27,고척,키움,5,삼성,4,키움,삼성,0.6133619254124969
20250628HHSK02025,2025-06-28,문학,SSG,2,한화,5,한화,한화,0.5358765727083248
20250628HTLG02025,2025-06-28,잠실,LG,8,KIA,9,KIA,LG,0.6221096548270504
20250628KTLT02025,2025-06-28,사직,롯데,0,KT,4,KT,롯데,0.5108773596033456
20250628OBNC02025,2025-06-28,창원,NC,3,두산,1,NC,NC,0.5429449524850373
20250628SSWO02025,2025-06-28,고척,키움,9,삼성,0,키움,삼성,0.5911613901730662
20250629SSWO02025,2025-06-29,고척,키움,10,삼성,7,키움,삼성,0.5157007455709738
20250629SSWO02025,2025-06-29,고척,키움,10,삼성,7,키움,키움,0.503496307535056
20250629HHSK02025,2025-06-29,문학,SSG,2,한화,0,SSG,SSG,0.5241187972936504
20250629HTLG02025,2025-06-29,잠실,LG,2,KIA,12,KIA,LG,0.681471204673707
20250629KTLT02025,2025-06-29,사직,롯데,10,KT,5,롯데,KT,0.5818289750194392
20250629OBNC02025,2025-06-29,창원,NC,3,두산,7,두산,두산,0.5184330948515756
20250701LGLT02025,2025-07-01,사직,롯데,2,LG,3,LG,LG,0.6002544764123013
20250701NCHH02025,2025-07-01,대전,한화,8,NC,4,한화,한화,0.6001082582063784
20250701SKHT02025,2025-07-01,광주,KIA,3,SSG,2,KIA,SSG,0.5751545709078958
20250701SSOB02025,2025-07-01,잠실,두산,1,삼성,4,삼성,삼성,0.6040731076191876
20250701WOKT02025,2025-07-01,수원,KT,3,키움,7,키움,KT,0.7188835880594917
20250702LGLT02025,2025-07-02,사직,롯데,5,LG,2,롯데,LG,0.5508107448092177
20250702NCHH02025,2025-07-02,대전,한화,0,NC,2,NC,한화,0.6077192780863412
20250702SKHT02025,2025-07-02,광주,KIA,5,SSG,8,SSG,SSG,0.5666717250543151
20250702SSOB02025,2025-07-02,잠실,두산,5,삼성,0,두산,삼성,0.5386610390175466
20250702WOKT02025,2025-07-02,수원,KT,4,키움,2,KT,KT,0.6297399882738798
20250703LGLT02025,2025-07-03,사직,롯데,2,LG,0,롯데,LG,0.5814998471230279
20250703SKHT02025,2025-07-03,광주,KIA,3,SSG,2,KIA,KIA,0.5153123593166317
20250703SSOB02025,2025-07-03,잠실,두산,4,삼성,6,삼성,삼성,0.5197030619273773
20250703WOKT02025,2025-07-03,수원,KT,6,키움,2,KT,KT,0.6830209993918173
20250704HHWO02025,2025-07-04,고척,키움,1,한화,2,한화,한화,0.6687376619749532
20250704KTOB02025,2025-07-04,잠실,두산,3,KT,6,KT,두산,0.5149346520598128
20250704LGSS02025,2025-07-04,대구,삼성,4,LG,1,삼성,LG,0.5539981561831337
20250704LGSS02025,2025-07-04,대구,삼성,4,LG,1,삼성,LG,0.5716648033164466
20250704LTHT02025,2025-07-04,광주,KIA,7,롯데,5,KIA,KIA,0.5567071309556406
20250704SKNC02025,2025-07-04,창원,NC,0,SSG,4,SSG,SSG,0.5604792282361016
20250705HHWO02025,2025-07-05,고척,키움,4,한화,6,한화,한화,0.6205042815841626
20250705KTOB02025,2025-07-05,잠실,두산,6,KT,2,두산,KT,0.5867677268627611
20250705LGSS02025,2025-07-05,대구,삼성,7,LG,6,삼성,LG,0.5818114992050547
20250705LTHT02025,2025-07-05,광주,KIA,13,롯데,0,KIA,KIA,0.5112245036102009
20250705SKNC02025,2025-07-05,창원,NC,1,SSG,6,SSG,SSG,0.6212076527442184
20250706HHWO02025,2025-07-06,고척,키움,1,한화,10,한화,한화,0.7153466630638992
20250706KTOB02025,2025-07-06,잠실,두산,8,KT,7,두산,KT,0.5732801493291335
20250706LGSS02025,2025-07-06,대구,삼성,2,LG,4,LG,LG,0.5356049202932316
20250706LTHT02025,2025-07-06,광주,KIA,2,롯데,5,롯데,롯데,0.5978859263502978
20250706SKNC02025,2025-07-06,창원,NC,3,SSG,2,NC,SSG,0.501186529378475
20250708HTHH02025,2025-07-08,대전,한화,14,KIA,8,한화,한화,0.627987093618132
20250708KTSK02025,2025-07-08,문학,SSG,7,KT,1,SSG,SSG,0.6117573145479869
20250708OBLT02025,2025-07-08,사직,롯데,5,두산,8,두산,롯데,0.6022680865627871
20250708SSNC02025,2025-07-08,창원,NC,10,삼성,9,NC,삼성,0.5636196194271739
20250708WOLG02025,2025-07-08,잠실,LG,4,키움,3,LG,LG,0.6892508197273503
20250709HTHH02025,2025-07-09,대전,한화,7,KIA,4,한화,한화,0.5612832637874374
20250709KTSK02025,2025-07-09,문학,SSG,3,KT,10,KT,SSG,0.522473142480729
20250709OBLT02025,2025-07-09,사직,롯데,5,두산,4,롯데,롯데,0.5089851247730404
20250709SSNC02025,2025-07-09,창원,NC,3,삼성,0,NC,NC,0.5400430499816256
20250709WOLG02025,2025-07-09,잠실,LG,12,키움,6,LG,LG,0.7192176571369602
20250710HTHH02025,2025-07-10,대전,한화,3,KIA,2,한화,한화,0.563818270553936
20250710KTSK02025,2025-07-10,문학,SSG,2,KT,4,KT,SSG,0.6087531789336149
20250710OBLT02025,2025-07-10,사직,롯데,0,두산,9,두산,두산,0.5013216645184946
20250710SSNC02025,2025-07-10,창원,NC,7,삼성,5,NC,NC,0.5924180529273808
20250710SSNC02025,2025-07-10,창원,NC,7,삼성,5,NC,NC,0.6046454986863008
20250710WOLG02025,2025-07-10,잠실,LG,3,키움,4,키움,LG,0.6501766851645003
99990712EAWE02025,2025-07-12,대전,나눔,8,드림,6,나눔,나눔,0.5175647819329231
20250718HHKT02025,2025-07-18,수원,KT,0,한화,5,한화,한화,0.6121373195787008
20250718LTLG02025,2025-07-18,잠실,LG,2,롯데,1,LG,LG,0.5533678457296579
20250719HHKT02025,2025-07-19,수원,KT,5,한화,6,한화,한화,0.5494073040427935
20250719LTLG02025,2025-07-19,잠실,LG,1,롯데,6,롯데,LG,0.6068120253050688
20250719OBSK02025,2025-07-19,문학,SSG,0,두산,5,두산,SSG,0.6012057321738161
20250720HHKT02025,2025-07-20,수원,KT,0,한화,10,한화,한화,0.5322728121910594
20250720LTLG02025,2025-07-20,잠실,LG,3,롯데,2,LG,LG,0.6400299716001309
20250720NCHT02025,2025-07-20,광주,KIA,3,NC,2,KIA,NC,0.5767857650621893
20250720OBSK02025,2025-07-20,문학,SSG,1,두산,2,두산,SSG,0.5665250899778194
20250720WOSS02025,2025-07-20,대구,삼성,15,키움,10,삼성,삼성,0.666817098346676
20250722HHOB02025,2025-07-22,잠실,두산,1,한화,2,한화,한화,0.548395374168167
20250722KTNC02025,2025-07-22,창원,NC,0,KT,7,KT,NC,0.5442016357077532
20250722LGHT02025,2025-07-22,광주,KIA,7,LG,9,LG,KIA,0.5062323547990176
20250722LTWO02025,2025-07-22,고척,키움,6,롯데,3,키움,롯데,0.5589201329404971
20250722SKSS02025,2025-07-22,대구,삼성,7,SSG,5,삼성,삼성,0.5254346845052383
20250723HHOB02025,2025-07-23,잠실,두산,13,한화,2,두산,한화,0.5716477408747669
20250723KTNC02025,2025-07-23,창원,NC,2,KT,9,KT,KT,0.5137168156960341
20250723LGHT02025,2025-07-23,광주,KIA,5,LG,6,LG,LG,0.6110111247283765
20250723LTWO02025,2025-07-23,고척,키움,1,롯데,4,롯데,롯데,0.5393340690010822
20250723SKSS02025,2025-07-23,대구,삼성,9,SSG,0,삼성,삼성,0.5404591923039047
20250724KTNC02025,2025-07-24,창원,NC,4,KT,5,KT,NC,0.5722625837515606
20250724LGHT02025,2025-07-24,광주,KIA,0,LG,8,LG,LG,0.5612071438339977
20250724LTWO02025,2025-07-24,고척,키움,0,롯데,4,롯데,롯데,0.6364538886696485
20250724SKSS02025,2025-07-24,대구,삼성,1,SSG,3,SSG,삼성,0.5346740554872668
20250725HTLT02025,2025-07-25,사직,롯데,7,KIA,4,롯데,롯데,0.6454546193110609
20250725LGOB02025,2025-07-25,잠실,두산,5,LG,6,LG,LG,0.615210959054233
20250725SKHH02025,2025-07-25,대전,한화,4,SSG,0,한화,한화,0.5439585712369567
20250725SSKT02025,2025-07-25,수원,KT,8,삼성,5,KT,KT,0.5717776559061479
20250725WONC02025,2025-07-25,창원,NC,16,키움,7,NC,NC,0.6055722510679732
20250726HTLT02025,2025-07-26,사직,롯데,9,KIA,4,롯데,롯데,0.6143763382150925
20250726LGOB02025,2025-07-26,잠실,두산,3,LG,4,LG,LG,0.606619293540859
20250726SKHH02025,2025-07-26,대전,한화,3,SSG,9,SSG,한화,0.5809056324096612
20250726SSKT02025,2025-07-26,수원,KT,0,삼성,11,삼성,삼성,0.5417354087544985
20250726WONC02025,2025-07-26,창원,NC,8,키움,6,NC,NC,0.6227475164030427
20250727HTLT02025,2025-07-27,사직,롯데,5,KIA,3,롯데,KIA,0.5019898741524906
20250727LGOB02025,2025-07-27,잠실,두산,9,LG,6,두산,LG,0.5006174985474896
20250727SKHH02025,2025-07-27,대전,한화,2,SSG,3,SSG,SSG,0.514896641780114
20250727SSKT02025,2025-07-27,수원,KT,4,삼성,3,KT,삼성,0.5032511888591794
20250727WONC02025,2025-07-27,창원,NC,12,키움,4,NC,NC,0.6886661721949575
20250729KTLG02025,2025-07-29,잠실,LG,8,KT,2,LG,LG,0.6195903695650976
20250729NCLT02025,2025-07-29,사직,롯데,6,NC,4,롯데,NC,0.547002180470542
20250729OBHT02025,2025-07-29,광주,KIA,6,두산,9,두산,KIA,0.5511624526543082
20250729SSHH02025,2025-07-29,대전,한화,2,삼성,9,삼성,한화,0.5085987824851292
20250729WOSK02025,2025-07-29,문학,SSG,9,키움,3,SSG,SSG,0.6631433935482018
20250730KTLG02025,2025-07-30,잠실,LG,5,KT,0,LG,LG,0.5173541884036494
20250730NCLT02025,2025-07-30,사직,롯데,4,NC,9,NC,롯데,0.575808040270467
20250730SSHH02025,2025-07-30,대전,한화,5,삼성,0,한화,한화,0.6180993723101521
20250731KTLG02025,2025-07-31,잠실,LG,18,KT,0,LG,KT,0.5233396161868931
20250731NCLT02025,2025-07-31,사직,롯데,11,NC,5,롯데,롯데,0.5803669606209777
20250731OBHT02025,2025-07-31,광주,KIA,3,두산,2,KIA,두산,0.5743915838959516
20250731SSHH02025,2025-07-31,대전,한화,7,삼성,1,한화,한화,0.614417801399315
20250731WOSK02025,2025-07-31,문학,SSG,4,키움,2,SSG,SSG,0.7461321919810662
20250801HHHT02025,2025-08-01,광주,KIA,3,한화,2,KIA,한화,0.6368287559874053
20250801KTNC02025,2025-08-01,창원,NC,5,KT,3,NC,NC,0.5199569438522267
20250801LGSS02025,2025-08-01,대구,삼성,2,LG,4,LG,삼성,0.5199639094410298
20250801LTWO02025,2025-08-01,고척,키움,2,롯데,0,키움,키움,0.5088464793233566
20250801SKOB02025,2025-08-01,잠실,두산,2,SSG,7,SSG,SSG,0.530966673773307
20250802KTNC02025,2025-08-02,창원,NC,7,KT,6,NC,NC,0.6219646038680737
20250802LGSS02025,2025-08-02,대구,삼성,2,LG,3,LG,LG,0.553240462308806
20250802LTWO02025,2025-08-02,고척,키움,2,롯데,3,롯데,롯데,0.6163157096092109
20250802SKOB02025,2025-08-02,잠실,두산,5,SSG,4,두산,SSG,0.5606723955282913
20250803LTWO02025,2025-08-03,고척,키움,3,롯데,9,롯데,롯데,0.7388252009627954
20250803LGSS02025,2025-08-03,대구,삼성,3,LG,6,LG,LG,0.5540879391018524
20250803SKOB02025,2025-08-03,잠실,두산,2,SSG,3,SSG,SSG,0.5650132223409616
20250805HTLT02025,2025-08-05,사직,롯데,0,KIA,2,KIA,롯데,0.5236853292868178
20250805KTHH02025,2025-08-05,대전,한화,2,KT,5,KT,한화,0.5159410540318521
20250805OBLG02025,2025-08-05,잠실,LG,4,두산,2,LG,LG,0.6135895105864709
20250805SSSK02025,2025-08-05,문학,SSG,2,삼성,6,삼성,SSG,0.5394495217995595
20250805WONC02025,2025-08-05,창원,NC,5,키움,8,키움,NC,0.6194634112163557
20250806HTLT02025,2025-08-06,사직,롯데,7,KIA,1,롯데,롯데,0.528373293911845
20250806KTHH02025,2025-08-06,대전,한화,5,KT,4,한화,한화,0.6722068196076053
20250806OBLG02025,2025-08-06,잠실,LG,8,두산,10,두산,LG,0.5309336316480238
20250806SSSK02025,2025-08-06,문학,SSG,5,삼성,4,SSG,SSG,0.6526032100651459
20250806SSSK02025,2025-08-06,문학,SSG,5,삼성,4,SSG,SSG,0.6523393079843197
20250806WONC02025,2025-08-06,창원,NC,5,키움,9,키움,NC,0.5922006351135107
20250807HTLT02025,2025-08-07,사직,롯데,5,KIA,6,KIA,롯데,0.5317772551118444
20250807KTHH02025,2025-08-07,대전,한화,4,KT,5,KT,한화,0.6102754772313809
20250807OBLG02025,2025-08-07,잠실,LG,4,두산,3,LG,LG,0.6135751748144622
20250807SSSK02025,2025-08-07,문학,SSG,1,삼성,6,삼성,삼성,0.5349839967826088
20250807WONC02025,2025-08-07,창원,NC,12,키움,13,키움,NC,0.6227475164030427
20250808HHLG02025,2025-08-08,잠실,LG,2,한화,1,LG,LG,0.5231868107691588
20250808HTNC02025,2025-08-08,창원,NC,5,KIA,4,NC,NC,0.60162621281496
20250808OBWO02025,2025-08-08,고척,키움,2,두산,9,두산,두산,0.6179518227275269
20250808SKLT02025,2025-08-08,사직,롯데,0,SSG,1,SSG,SSG,0.5262808863565013
20250808SSKT02025,2025-08-08,수원,KT,4,삼성,8,삼성,삼성,0.5007420919724492
20250809HHLG02025,2025-08-09,잠실,LG,8,한화,1,LG,LG,0.6195294270892091
20250809OBWO02025,2025-08-09,고척,키움,4,두산,6,두산,두산,0.5050304143061778
20250809SSKT02025,2025-08-09,수원,KT,3,삼성,1,KT,KT,0.5335778884326713
20250810OBWO02025,2025-08-10,고척,키움,4,두산,3,키움,두산,0.5114937517214591
20250810HHLG02025,2025-08-10,잠실,LG,4,한화,5,한화,LG,0.5282511914171963
20250810HTNC02025,2025-08-10,창원,NC,16,KIA,12,NC,NC,0.6528982291409138
20250810SKLT02025,2025-08-10,사직,롯데,1,SSG,10,SSG,SSG,0.5296984974641071
20250810SSKT02025,2025-08-10,수원,KT,9,삼성,2,KT,KT,0.5579501059722148
20250812HTSS02025,2025-08-12,대구,삼성,1,KIA,5,KIA,삼성,0.5063825554516349
20250812HTSS02025,2025-08-12,대구,삼성,1,KIA,5,KIA,KIA,0.5203532747204846
20250812LGKT02025,2025-08-12,수원,KT,2,LG,11,LG,LG,0.54344862332283
20250812LTHH02025,2025-08-12,대전,한화,2,롯데,0,한화,한화,0.5790093204059716
20250812NCOB02025,2025-08-12,잠실,두산,2,NC,3,NC,두산,0.5710295467343098
20250812WOSK02025,2025-08-12,문학,SSG,3,키움,1,SSG,SSG,0.7342161887043862
20250813HTSS02025,2025-08-13,대구,삼성,1,KIA,9,KIA,삼성,0.6007544719924952
20250813LTHH02025,2025-08-13,대전,한화,6,롯데,0,한화,한화,0.596135205971424
20250814HTSS02025,2025-08-14,대구,삼성,4,KIA,10,KIA,삼성,0.6416360586930577
20250814LTHH02025,2025-08-14,대전,한화,5,롯데,4,한화,한화,0.5682501881617265
20250814NCOB02025,2025-08-14,잠실,두산,6,NC,5,두산,NC,0.5582255035065435
20250814WOSK02025,2025-08-14,문학,SSG,0,키움,2,키움,SSG,0.6095782428748399
20250815HHNC02025,2025-08-15,창원,NC,2,한화,9,한화,한화,0.5375671793360697
20250815HTOB02025,2025-08-15,잠실,두산,6,KIA,5,두산,두산,0.5761523673286076
20250815KTWO02025,2025-08-15,고척,키움,7,KT,3,키움,KT,0.566161131565867
20250815LGSK02025,2025-08-15,문학,SSG,3,LG,5,LG,LG,0.5319990330628315
20250815SSLT02025,2025-08-15,사직,롯데,4,삼성,10,삼성,삼성,0.5823828468927256
20250816HHNC02025,2025-08-16,창원,NC,9,한화,6,NC,한화,0.5351243062637672
20250816HTOB02025,2025-08-16,잠실,두산,4,KIA,3,두산,두산,0.615684404079278
20250816KTWO02025,2025-08-16,고척,키움,4,KT,3,키움,KT,0.6242567145166718
20250816LGSK02025,2025-08-16,문학,SSG,10,LG,7,SSG,LG,0.5130438982233065
20250816SSLT02025,2025-08-16,사직,롯데,1,삼성,4,삼성,롯데,0.5051866122237101
20250817KTWO02025,2025-08-17,고척,키움,3,KT,5,KT,KT,0.6557561566117149
20250817HHNC02025,2025-08-17,창원,NC,9,한화,4,NC,한화,0.5807646959048494
20250817HTOB02025,2025-08-17,잠실,두산,4,KIA,2,두산,KIA,0.5639114764139984
20250817LGSK02025,2025-08-17,문학,SSG,1,LG,6,LG,LG,0.5326343645390271
20250819LTLG02025,2025-08-19,잠실,LG,5,롯데,2,LG,LG,0.538745769775387
20250819OBHH02025,2025-08-19,대전,한화,5,두산,6,두산,한화,0.6192949577430958
20250819SKKT02025,2025-08-19,수원,KT,5,SSG,4,KT,KT,0.5156368175546552
20250819SSNC02025,2025-08-19,창원,NC,2,삼성,6,삼성,삼성,0.5292019929515512
20250819WOHT02025,2025-08-19,광주,KIA,12,키움,9,KIA,KIA,0.7019389445466753
20250820LTLG02025,2025-08-20,잠실,LG,5,롯데,3,LG,LG,0.5807094795124453
20250820OBHH02025,2025-08-20,대전,한화,9,두산,13,두산,한화,0.6034273457189628
20250820SKKT02025,2025-08-20,수원,KT,3,SSG,5,SSG,SSG,0.5348815336150954
20250820SSNC02025,2025-08-20,창원,NC,3,삼성,4,삼성,삼성,0.5594810741192968
20250820WOHT02025,2025-08-20,광주,KIA,1,키움,6,키움,KIA,0.586795207588281
20250821OBHH02025,2025-08-21,대전,한화,3,두산,6,두산,한화,0.5534515243264712
20250821SKKT02025,2025-08-21,수원,KT,1,SSG,7,SSG,SSG,0.5579879277555486
20250821SSNC02025,2025-08-21,창원,NC,7,삼성,5,NC,삼성,0.5026665057469932
20250821WOHT02025,2025-08-21,광주,KIA,10,키움,11,키움,KIA,0.5915641064553282
20250822KTOB02025,2025-08-22,잠실,두산,8,KT,13,KT,KT,0.6072468768009898
20250822LGHT02025,2025-08-22,광주,KIA,2,LG,14,LG,LG,0.6141631941024357
20250822LTNC02025,2025-08-22,창원,NC,7,롯데,6,NC,NC,0.5468711029267196
20250822SKHH02025,2025-08-22,대전,한화,0,SSG,1,SSG,한화,0.5789650523923869
20250822WOSS02025,2025-08-22,대구,삼성,8,키움,2,삼성,삼성,0.6403910897637751
20250823KTOB02025,2025-08-23,잠실,두산,2,KT,6,KT,KT,0.6013651755839406
20250823LGHT02025,2025-08-23,광주,KIA,2,LG,6,LG,LG,0.526062710898081
20250823LTNC02025,2025-08-23,창원,NC,4,롯데,1,NC,롯데,0.5853717292884122
20250823SKHH02025,2025-08-23,대전,한화,5,SSG,0,한화,SSG,0.5391723016466754
20250823WOSS02025,2025-08-23,대구,삼성,12,키움,8,삼성,삼성,0.6707014827783747
20250823WOSS02025,2025-08-23,대구,삼성,12,키움,8,삼성,삼성,0.6540290309898401
20250824KTOB02025,2025-08-24,잠실,두산,2,KT,3,KT,두산,0.5158424146319436
20250824LGHT02025,2025-08-24,광주,KIA,1,LG,2,LG,LG,0.5142147015472991
20250824LTNC02025,2025-08-24,창원,NC,5,롯데,17,롯데,롯데,0.5872346205973555
20250824SKHH02025,2025-08-24,대전,한화,5,SSG,2,한화,한화,0.6497591706790133
20250824WOSS02025,2025-08-24,대구,삼성,7,키움,4,삼성,삼성,0.7409103375449975
20250826HHWO02025,2025-08-26,고척,키움,1,한화,3,한화,한화,0.6148143241711426
20250826HTSK02025,2025-08-26,문학,SSG,9,KIA,5,SSG,SSG,0.5929076640804631
20250826KTLT02025,2025-08-26,사직,롯데,4,KT,3,롯데,롯데,0.5108773596033456
20250826LGNC02025,2025-08-26,창원,NC,9,LG,7,NC,LG,0.5239611830905163
20250826SSOB02025,2025-08-26,잠실,두산,2,삼성,6,삼성,삼성,0.560716905708574
20250827HHWO02025,2025-08-27,고척,키움,1,한화,3,한화,한화,0.6127350485690752
20250827HTSK02025,2025-08-27,문학,SSG,2,KIA,4,KIA,SSG,0.6611337440047652
20250827KTLT02025,2025-08-27,사직,롯데,2,KT,7,KT,KT,0.5194814404019681
20250827LGNC02025,2025-08-27,창원,NC,1,LG,10,LG,LG,0.6497960913241287
20250827SSOB02025,2025-08-27,잠실,두산,1,삼성,14,삼성,삼성,0.6362691693493367
20250828HHWO02025,2025-08-28,고척,키움,3,한화,9,한화,한화,0.6664955332572196
20250828HTSK02025,2025-08-28,문학,SSG,6,KIA,10,KIA,SSG,0.6803781183885289
20250828KTLT02025,2025-08-28,사직,롯데,3,KT,2,롯데,KT,0.5451139363142642
20250828LGNC02025,2025-08-28,창원,NC,3,LG,4,LG,LG,0.5372297117084265
20250828SSOB02025,2025-08-28,잠실,두산,7,삼성,6,두산,삼성,0.5277520796290901
20250829HTKT02025,2025-08-29,수원,KT,1,KIA,10,KIA,KT,0.5624417137755248
20250829NCSK02025,2025-08-29,문학,SSG,8,NC,0,SSG,SSG,0.643423452640721
20250829OBLT02025,2025-08-29,사직,롯데,1,두산,7,두산,롯데,0.5248605163961518
20250829SSHH02025,2025-08-29,대전,한화,3,삼성,5,삼성,한화,0.5850711471783467
20250829SSHH02025,2025-08-29,대전,한화,3,삼성,5,삼성,한화,0.5990355934299194
20250829WOLG02025,2025-08-29,잠실,LG,2,키움,3,키움,LG,0.7287262605782113
20250830HTKT02025,2025-08-30,수원,KT,8,KIA,2,KT,KT,0.5138765421717751
20250830NCSK02025,2025-08-30,문학,SSG,2,NC,12,NC,NC,0.5070108647361007
20250830SSHH02025,2025-08-30,대전,한화,0,삼성,4,삼성,한화,0.5601975430148907
20250830WOLG02025,2025-08-30,잠실,LG,6,키움,5,LG,LG,0.7390521989134762
20250831HTKT02025,2025-08-31,수원,KT,7,KIA,6,KT,KT,0.5783997836457856
20250831NCSK02025,2025-08-31,문학,SSG,10,NC,8,SSG,SSG,0.5009173813834548
20250831OBLT02025,2025-08-31,사직,롯데,5,두산,1,롯데,롯데,0.5436496637242894
20250831SSHH02025,2025-08-31,대전,한화,3,삼성,5,삼성,한화,0.5286184898430563
20250831WOLG02025,2025-08-31,잠실,LG,5,키움,6,키움,LG,0.6617367799689474
20250902HTHH02025,2025-09-02,대전,한화,21,KIA,3,한화,한화,0.6254009084655083
20250902LTLG02025,2025-09-02,잠실,LG,3,롯데,2,LG,LG,0.6322685164611445
20250902NCKT02025,2025-09-02,수원,KT,4,NC,9,NC,KT,0.6907239888556547
20250902WOSK02025,2025-09-02,문학,SSG,6,키움,1,SSG,SSG,0.6892333802949677
20250903LTKT02025,2025-09-03,수원,KT,9,롯데,8,KT,KT,0.5572100248168289
20250903NCHH02025,2025-09-03,대전,한화,6,NC,5,한화,한화,0.6062521837220474
20250903SKHT02025,2025-09-03,광주,KIA,1,SSG,2,SSG,KIA,0.5286236386509415
20250903WOSS02025,2025-09-03,대구,삼성,3,키움,4,키움,삼성,0.6792435085928883
20250904LGKT02025,2025-09-04,수원,KT,8,LG,10,LG,LG,0.5498843318341515
20250904OBNC02025,2025-09-04,창원,NC,3,두산,12,두산,NC,0.5092766415347844
20250905LTSK02025,2025-09-05,문학,SSG,7,롯데,5,SSG,SSG,0.568664310069706
20250905OBNC02025,2025-09-05,창원,NC,3,두산,9,두산,NC,0.5429449524850373
20250905WOSS02025,2025-09-05,대구,삼성,8,키움,3,삼성,삼성,0.6845091314695841
20250906HHSS02025,2025-09-06,대구,삼성,4,한화,7,한화,한화,0.5594347480113359
20250906HHSS02025,2025-09-06,대구,삼성,4,한화,7,한화,한화,0.5842004729870509
20250906HTNC02025,2025-09-06,창원,NC,4,KIA,8,KIA,NC,0.5426936058305769
20250907HHSS02025,2025-09-07,대구,삼성,4,한화,3,삼성,삼성,0.5472220875956825
20250907HTNC02025,2025-09-07,창원,NC,2,KIA,1,NC,NC,0.6118465931488746
20250907SKLG02025,2025-09-07,잠실,LG,3,SSG,7,SSG,LG,0.5957628506220599
20250909HHLT02025,2025-09-09,사직,롯데,1,한화,9,한화,한화,0.6448308357755654
20250909LGWO02025,2025-09-09,고척,키움,11,LG,2,키움,LG,0.602849174266292
20250909OBKT02025,2025-09-09,수원,KT,8,두산,1,KT,KT,0.5816644930148429
20250910HHLT02025,2025-09-10,사직,롯데,0,한화,13,한화,한화,0.5418654285766185
20250910LGOB02025,2025-09-10,잠실,두산,4,LG,8,LG,LG,0.5542310315939784
20250910SKNC02025,2025-09-10,창원,NC,5,SSG,4,NC,SSG,0.5639967881064765
20250910SSHT02025,2025-09-10,광주,KIA,4,삼성,0,KIA,삼성,0.5047635165657904
20250911KTLG02025,2025-09-11,잠실,LG,4,KT,6,KT,LG,0.5346397199806812
20250911LTHT02025,2025-09-11,광주,KIA,3,롯데,4,롯데,롯데,0.5011766776262481
20250911NCWO02025,2025-09-11,고척,키움,4,NC,1,키움,NC,0.5998514111480457
20250911SKSS02025,2025-09-11,대구,삼성,4,SSG,8,SSG,삼성,0.5075159952381054
20250912OBHT02025,2025-09-12,광주,KIA,5,두산,4,KIA,KIA,0.5425892004601557
20250913HTLG02025,2025-09-13,잠실,LG,3,KIA,6,KIA,LG,0.7058107737754615
20250913KTSS02025,2025-09-13,대구,삼성,3,KT,5,KT,삼성,0.5686824701451854
20250913OBNC02025,2025-09-13,창원,NC,6,두산,4,NC,NC,0.5092766415347844
20250913SKLT02025,2025-09-13,사직,롯데,12,SSG,11,롯데,롯데,0.5243657868120263
20250913WOHH02025,2025-09-13,대전,한화,10,키움,5,한화,한화,0.7084075270980388
20250914HTLG02025,2025-09-14,잠실,LG,14,KIA,0,LG,LG,0.6271638219177375
20250914KTSS02025,2025-09-14,대구,삼성,6,KT,2,삼성,삼성,0.5082961474048776
20250914KTSS02025,2025-09-14,대구,삼성,6,KT,2,삼성,KT,0.5046672934807466
20250914OBNC02025,2025-09-14,창원,NC,6,두산,0,NC,NC,0.6062345006318106
20250914WOHH02025,2025-09-14,대전,한화,10,키움,13,키움,한화,0.6992808233688441
20250915WOHH02025,2025-09-15,대전,한화,7,키움,6,한화,한화,0.7356776838338903
20250916HHHT02025,2025-09-16,광주,KIA,1,한화,11,한화,한화,0.6326741444701631
20250916LGKT02025,2025-09-16,수원,KT,6,LG,10,LG,KT,0.5168915891103866
20250916LTSS02025,2025-09-16,대구,삼성,7,롯데,5,삼성,삼성,0.6072798954970346
20250916SKNC02025,2025-09-16,창원,NC,3,SSG,7,SSG,SSG,0.5604792282361017
20250916WOOB02025,2025-09-16,잠실,두산,1,키움,4,키움,두산,0.5460399632834714
20250917HHHT02025,2025-09-17,광주,KIA,2,한화,6,한화,한화,0.6242644375240264
20250917SKNC02025,2025-09-17,창원,NC,4,SSG,0,NC,NC,0.5296681491533383
20250917WOOB02025,2025-09-17,잠실,두산,2,키움,4,키움,두산,0.6069254214942204
20250918LGKT12025,2025-09-18,수원,KT,2,LG,6,LG,LG,0.5775996235235296
20250918HHHT02025,2025-09-18,광주,KIA,3,한화,4,한화,KIA,0.5036461106454149
20250918LGKT22025,2025-09-18,수원,KT,1,LG,14,LG,KT,0.5042912441176164
20250918SSNC02025,2025-09-18,창원,NC,5,삼성,9,삼성,삼성,0.5245325556524654
20250918WOOB02025,2025-09-18,잠실,두산,3,키움,2,두산,두산,0.6331657047683874
20250919LTNC02025,2025-09-19,창원,NC,2,롯데,18,롯데,NC,0.5369401525737832
20250920HHKT02025,2025-09-20,수원,KT,4,한화,2,KT,한화,0.5970855203898732
20250920NCHT02025,2025-09-20,광주,KIA,5,NC,4,KIA,KIA,0.5650002828290289
20250920OBSK02025,2025-09-20,문학,SSG,15,두산,2,SSG,SSG,0.644637961003986
20250920SSLG02025,2025-09-20,잠실,LG,4,삼성,14,삼성,LG,0.5313963439464193
20250920WOLT02025,2025-09-20,사직,롯데,5,키움,15,키움,롯데,0.6863518374284913
20250921NCHT02025,2025-09-21,광주,KIA,6,NC,7,NC,KIA,0.5835647258372877
20250921OBSK02025,2025-09-21,문학,SSG,7,두산,3,SSG,SSG,0.5647337889597771
20250921SSKT02025,2025-09-21,수원,KT,6,삼성,3,KT,KT,0.5717776559061479
20250922OBSK02025,2025-09-22,문학,SSG,2,두산,9,두산,SSG,0.6421347731142352
20250923HTSK02025,2025-09-23,문학,SSG,5,KIA,0,SSG,SSG,0.6140932840553508
20250923NCLT02025,2025-09-23,울산,롯데,2,NC,4,NC,NC,0.5321332607386893
20250923OBSS02025,2025-09-23,대구,삼성,7,두산,5,삼성,삼성,0.5699459510665384
20250923WOKT02025,2025-09-23,수원,KT,7,키움,0,KT,KT,0.6075438630567261
20250924HTWO02025,2025-09-24,고척,키움,0,KIA,2,KIA,KIA,0.5727507200527681
20250924LGNC02025,2025-09-24,창원,NC,10,LG,5,NC,NC,0.5086922477890473
20250924LTSS02025,2025-09-24,대구,삼성,9,롯데,4,삼성,삼성,0.6353484951904664
20250925HHOB02025,2025-09-25,잠실,두산,7,한화,0,두산,한화,0.6197016395846653
20250925KTSK02025,2025-09-25,문학,SSG,1,KT,10,KT,KT,0.5255821992050926
20250925LGLT02025,2025-09-25,울산,롯데,1,LG,11,LG,LG,0.5317904082852395
20250925WOSS02025,2025-09-25,대구,삼성,12,키움,3,삼성,삼성,0.6235141263017503
20250926KTSK02025,2025-09-26,문학,SSG,5,KT,2,SSG,SSG,0.5998907786203773
20250926LGHH02025,2025-09-26,대전,한화,4,LG,1,한화,LG,0.5484832347906692
20250926NCOB02025,2025-09-26,잠실,두산,0,NC,3,NC,NC,0.6013013399376818
20250926SSLT02025,2025-09-26,사직,롯데,10,삼성,9,롯데,삼성,0.6322194240611869
20250927LGHH02025,2025-09-27,대전,한화,2,LG,9,LG,LG,0.5035024664976872
20250927NCHT02025,2025-09-27,광주,KIA,1,NC,2,NC,KIA,0.5650002828290289
20250927SKOB02025,2025-09-27,잠실,두산,2,SSG,6,SSG,SSG,0.5069396630513736
20250928LTOB02025,2025-09-28,잠실,두산,7,롯데,2,두산,롯데,0.5117957825213086
20250928SSWO02025,2025-09-28,고척,키움,2,삼성,4,삼성,삼성,0.6528371391367582
20250929LGHH02025,2025-09-29,대전,한화,7,LG,3,한화,LG,0.5185594203852947
20250929LTSK02025,2025-09-29,문학,SSG,4,롯데,2,SSG,SSG,0.6493178625270959
20250929NCHT02025,2025-09-29,광주,KIA,4,NC,13,NC,NC,0.5932890764595001
20250930HTSS02025,2025-09-30,대구,삼성,5,KIA,0,삼성,삼성,0.6504854190659375
20250930KTNC02025,2025-09-30,창원,NC,9,KT,4,NC,KT,0.5500944730159593
20250930LTHH02025,2025-09-30,대전,한화,1,롯데,0,한화,한화,0.596135205971424
20250930OBLG02025,2025-09-30,잠실,LG,0,두산,6,두산,LG,0.5605492952485129
20250930SKWO02025,2025-09-30,고척,키움,3,SSG,4,SSG,SSG,0.5690849508281733
20251001HHSK02025,2025-10-01,문학,SSG,6,한화,5,SSG,한화,0.5794098434099788
20251001KTHT02025,2025-10-01,광주,KIA,3,KT,9,KT,KIA,0.5360086334290153
20251001NCLG02025,2025-10-01,잠실,LG,3,NC,7,NC,LG,0.7453880901468157
20251002SKHT02025,2025-10-02,광주,KIA,7,SSG,2,KIA,SSG,0.5336915857776172
20251004SKNC02025,2025-10-04,창원,NC,7,SSG,1,NC,NC,0.5388599318153008
20251004SSHT02025,2025-10-04,광주,KIA,9,삼성,8,KIA,KIA,0.5525261196865976
44441006NCSS02025,2025-10-06,대구,삼성,1,NC,4,NC,삼성,0.5753056296987982
44441007NCSS02025,2025-10-07,대구,삼성,3,NC,0,삼성,삼성,0.5619114775713743
33331009SSSK02025,2025-10-09,문학,SSG,2,삼성,5,삼성,SSG,0.6046722025713555
33331011SSSK02025,2025-10-11,문학,SSG,4,삼성,3,SSG,SSG,0.5013643909731174
33331013SKSS02025,2025-10-13,대구,삼성,5,SSG,3,삼성,삼성,0.5165568426484326
33331014SKSS02025,2025-10-14,대구,삼성,5,SSG,2,삼성,삼성,0.5818366890039985
55551018SSHH02025,2025-10-18,대전,한화,9,삼성,8,한화,한화,0.5648572634822073
55551019SSHH02025,2025-10-19,대전,한화,3,삼성,7,삼성,한화,0.6328103435947874
55551021HHSS02025,2025-10-21,대구,삼성,4,한화,5,한화,삼성,0.5144666577422591
55551022HHSS02025,2025-10-22,대구,삼성,7,한화,4,삼성,한화,0.506655110408594
55551024SSHH02025,2025-10-24,대전,한화,11,삼성,2,한화,한화,0.6180993723101521
77771026HHLG02025,2025-10-26,잠실,LG,8,한화,2,LG,LG,0.5158373981002109
77771027HHLG02025,2025-10-27,잠실,LG,13,한화,5,LG,LG,0.5231868107691588
77771029LGHH02025,2025-10-29,대전,한화,7,LG,3,한화,한화,0.5444582259661782
77771030LGHH02025,2025-10-30,대전,한화,4,LG,7,LG,한화,0.5111147191114144
77771031LGHH02025,2025-10-31,대전,한화,1,LG,4,LG,LG,0.5035024664976872
